{
  "architecture": {
    "basic_chatbot_structure": {
      "core_components": [
        "Natural Language Processing (NLP) Engine",
        "Intent Recognition System",
        "Dialog Management",
        "Response Generation",
        "API Integration Layer",
        "User Session Management"
      ],
      "mvp_features": [
        "Location-based discovery of historical/cultural sites",
        "Emergency & police station locator with GPS",
        "Accommodation & transport information",
        "Multilingual chat/translation support",
        "Basic personalized recommendations"
      ],
      "technical_stack": {
        "frontend": [
          "React Native",
          "Flutter"
        ],
        "backend": [
          "Node.js",
          "Express.js",
          "Python/Flask"
        ],
        "ai_services": [
          "OpenAI ChatGPT API",
          "Google Gemini",
          "Dialogflow"
        ],
        "mapping": [
          "Google Maps API",
          "Mapbox API"
        ],
        "databases": [
          "Firebase Firestore",
          "MongoDB",
          "PostgreSQL"
        ],
        "cloud_services": [
          "AWS",
          "Google Cloud Platform",
          "Azure"
        ]
      }
    }
  },
  "implementation_steps": {
    "step_1_setup": {
      "title": "Environment Setup & API Keys",
      "tasks": [
        "Create OpenAI account and get API key",
        "Setup Google Maps API credentials",
        "Initialize Firebase project",
        "Setup development environment (Node.js/React Native)"
      ]
    },
    "step_2_backend": {
      "title": "Backend Development",
      "tasks": [
        "Create Express.js server",
        "Integrate OpenAI API for chat functionality",
        "Setup database connections (Firebase/MongoDB)",
        "Implement API endpoints for travel data"
      ]
    },
    "step_3_frontend": {
      "title": "Frontend Development",
      "tasks": [
        "Setup React Native/Flutter project",
        "Create chat interface components",
        "Integrate maps functionality",
        "Add location services and GPS features"
      ]
    },
    "step_4_features": {
      "title": "MVP Feature Implementation",
      "tasks": [
        "Location-based site discovery",
        "Emergency services locator",
        "Accommodation booking integration",
        "Translation services integration",
        "Basic recommendation engine"
      ]
    }
  }
}